[
  {
    "name": "Melissa Jones",
    "image": "/assets/img/testimonial-img.jpg",
    "id": 12,
    "body": "I am grateful to the employees of BeShop for the quality products that I have been using for more than a year, try to work at this level in the future. Thank you"
  },
  {
    "name": "Melissa Jones",
    "image": "/assets/img/testimonial-img.jpg",
    "id": 15,
    "body": "I am grateful to the employees of BeShop for the quality products that I have been using for more than a year, try to work at this level in the future. Thank you"
  }
]
