[
  {
    "icon": "icon-natural",
    "title": "natural",
    "body": "Non aliqua reprehenderit reprehenderit culpa laboris nulla minim anim\n        velit adipisicing ea aliqua alluptate sit do do."
  },
  {
    "icon": "icon-quality",
    "title": "Quality",
    "body": "Non aliqua reprehenderit reprehenderit culpa laboris nulla minim anim\n        velit adipisicing ea aliqua alluptate sit do do."
  },
  {
    "icon": "icon-organic",
    "title": "natural",
    "body": "Non aliqua reprehenderit reprehenderit culpa laboris nulla minim anim\n        velit adipisicing ea aliqua alluptate sit do do."
  }
]
