[
  {
    "title": "About",
    "navLinks": [
      {
        "name": "About us",
        "path": "/about"
      },
      {
        "name": "Categories",
        "path": "/categories"
      },
      {
        "name": "Shop",
        "path": "/shop"
      },
      
      {
        "name": "FAQ",
        "path": "/faq"
      },
      {
        "name": "Contacts",
        "path": "/contact"
      }
    ]
  },
  {
    "title": "Categories",
    "navLinks": [
      {
        "name": "Make up",
        "path": "/categories"
      },
      {
        "name": "SPA",
        "path": "/categories"
      },
      {
        "name": "Perfume",
        "path": "/categories"
      },
      {
        "name": "Nails",
        "path": "/categories"
      },
      {
        "name": "Skin care",
        "path": "/categories"
      },
      {
        "name": "Hair care",
        "path": "/categories"
      }
    ]
  },
  {
    "title": "Useful links",
    "navLinks": [
      {
        "name": "Careers",
        "path": "/about"
      },
      {
        "name": "Privacy policy",
        "path": "/faq"
      },
      {
        "name": "Terms of use",
        "path": "/about"
      },
      
      {
        "name": "Shipping details",
        "path": "/about"
      },
      {
        "name": "Information",
        "path": "/about"
      }
    ]
  }
]
