[
  {
    "categoryId": "spa",
    "name": "SPA",
    "image": "/assets/img/top-categories-img1.jpg"
  },
  {
    "categoryId": "nails",
    "name": "Nails",
    "image": "/assets/img/top-categories-img2.jpg"
  },
  {
    "categoryId": "perfume",
    "name": "Perfume",
    "image": "/assets/img/top-categories-img3.jpg"
  },
  {
    "categoryId": "makeup",
    "name": "Make Up",
    "image": "/assets/img/top-categories-img4.jpg"
  },
  {
    "categoryId": "skin",
    "name": "Skin",
    "image": "/assets/img/top-categories-img5.jpg"
  },
  {
    "categoryId": "hair",
    "name": "Hair",
    "image": "/assets/img/top-categories-img6.jpg"
  }
]
